--
-- Script was generated by Devart dbForge Studio 2022 for MySQL, Version 9.1.21.0
-- Product home page: http://www.devart.com/dbforge/mysql/studio
-- Script date 2023. 02. 02. 19:35:15
-- Server version: 8.0.32
-- Client version: 4.1
--

-- 
-- Disable foreign keys
-- 
/*!40014 SET @OLD_FOREIGN_KEY_CHECKS=@@FOREIGN_KEY_CHECKS, FOREIGN_KEY_CHECKS=0 */;

-- 
-- Set SQL mode
-- 
/*!40101 SET @OLD_SQL_MODE=@@SQL_MODE, SQL_MODE='NO_AUTO_VALUE_ON_ZERO' */;

-- 
-- Set character set the client will use to send SQL statements to the server
--
SET NAMES 'utf8';

--
-- Set default database
--
USE auto;

--
-- Drop function `titkosit`
--
DROP FUNCTION IF EXISTS titkosit;

--
-- Drop table `users`
--
DROP TABLE IF EXISTS users;

--
-- Drop view `kulonleges`
--
DROP VIEW IF EXISTS kulonleges CASCADE;

--
-- Drop table `special`
--
DROP TABLE IF EXISTS special;

--
-- Drop view `alldata`
--
DROP VIEW IF EXISTS alldata CASCADE;

--
-- Drop table `auto`
--
DROP TABLE IF EXISTS auto;

--
-- Drop table `allapot`
--
DROP TABLE IF EXISTS allapot;

--
-- Drop table `gyarto`
--
DROP TABLE IF EXISTS gyarto;

--
-- Drop table `kivitel`
--
DROP TABLE IF EXISTS kivitel;

--
-- Drop table `meghajtas`
--
DROP TABLE IF EXISTS meghajtas;

--
-- Drop table `szin`
--
DROP TABLE IF EXISTS szin;

--
-- Drop table `uzemanyag`
--
DROP TABLE IF EXISTS uzemanyag;

--
-- Drop table `valto`
--
DROP TABLE IF EXISTS valto;

--
-- Set default database
--
USE auto;

--
-- Create table `valto`
--
CREATE TABLE valto (
  id int NOT NULL,
  valto varchar(40) DEFAULT NULL,
  PRIMARY KEY (id)
)
ENGINE = INNODB,
AVG_ROW_LENGTH = 8192,
CHARACTER SET utf16,
COLLATE utf16_hungarian_ci;

--
-- Create table `uzemanyag`
--
CREATE TABLE uzemanyag (
  id int NOT NULL,
  uzemanyag varchar(40) DEFAULT NULL,
  PRIMARY KEY (id)
)
ENGINE = INNODB,
AVG_ROW_LENGTH = 8192,
CHARACTER SET utf16,
COLLATE utf16_hungarian_ci;

--
-- Create table `szin`
--
CREATE TABLE szin (
  id int NOT NULL,
  szin varchar(40) DEFAULT NULL,
  PRIMARY KEY (id)
)
ENGINE = INNODB,
AVG_ROW_LENGTH = 1489,
CHARACTER SET utf16,
COLLATE utf16_hungarian_ci;

--
-- Create table `meghajtas`
--
CREATE TABLE meghajtas (
  id int NOT NULL,
  meghajtas varchar(40) DEFAULT NULL,
  PRIMARY KEY (id)
)
ENGINE = INNODB,
AVG_ROW_LENGTH = 5461,
CHARACTER SET utf16,
COLLATE utf16_hungarian_ci;

--
-- Create table `kivitel`
--
CREATE TABLE kivitel (
  id int NOT NULL,
  kivitel varchar(40) DEFAULT NULL,
  PRIMARY KEY (id)
)
ENGINE = INNODB,
AVG_ROW_LENGTH = 1638,
CHARACTER SET utf16,
COLLATE utf16_hungarian_ci;

--
-- Create table `gyarto`
--
CREATE TABLE gyarto (
  id int NOT NULL,
  gyarto varchar(40) DEFAULT NULL,
  PRIMARY KEY (id)
)
ENGINE = INNODB,
AVG_ROW_LENGTH = 481,
CHARACTER SET utf16,
COLLATE utf16_hungarian_ci;

--
-- Create table `allapot`
--
CREATE TABLE allapot (
  id int NOT NULL,
  allapot varchar(40) DEFAULT NULL,
  PRIMARY KEY (id)
)
ENGINE = INNODB,
AVG_ROW_LENGTH = 3276,
CHARACTER SET utf16,
COLLATE utf16_hungarian_ci;

--
-- Create table `auto`
--
CREATE TABLE auto (
  id int NOT NULL AUTO_INCREMENT,
  gyartoid int DEFAULT NULL,
  modell varchar(40) DEFAULT NULL,
  ev int DEFAULT NULL,
  ar int DEFAULT NULL,
  allapotid int DEFAULT NULL,
  szinid int DEFAULT NULL,
  hengerfej int DEFAULT NULL,
  uzemanyagid int DEFAULT NULL,
  km int DEFAULT NULL,
  valtoid int DEFAULT NULL,
  alvaz varchar(40) DEFAULT NULL,
  meghajtasid int DEFAULT NULL,
  kivitelid int DEFAULT NULL,
  PRIMARY KEY (id)
)
ENGINE = INNODB,
AUTO_INCREMENT = 468,
AVG_ROW_LENGTH = 212,
CHARACTER SET utf16,
COLLATE utf16_hungarian_ci;

--
-- Create index `fk_hengerfej` on table `auto`
--
ALTER TABLE auto
ADD INDEX fk_hengerfej (hengerfej);

--
-- Create foreign key
--
ALTER TABLE auto
ADD CONSTRAINT fk_allapot FOREIGN KEY (allapotid)
REFERENCES allapot (id);

--
-- Create foreign key
--
ALTER TABLE auto
ADD CONSTRAINT fk_gyarto FOREIGN KEY (gyartoid)
REFERENCES gyarto (id);

--
-- Create foreign key
--
ALTER TABLE auto
ADD CONSTRAINT fk_kivitel FOREIGN KEY (kivitelid)
REFERENCES kivitel (id);

--
-- Create foreign key
--
ALTER TABLE auto
ADD CONSTRAINT fk_meghajtas FOREIGN KEY (meghajtasid)
REFERENCES meghajtas (id);

--
-- Create foreign key
--
ALTER TABLE auto
ADD CONSTRAINT fk_szin FOREIGN KEY (szinid)
REFERENCES szin (id);

--
-- Create foreign key
--
ALTER TABLE auto
ADD CONSTRAINT fk_uzemanyag FOREIGN KEY (uzemanyagid)
REFERENCES uzemanyag (id);

--
-- Create foreign key
--
ALTER TABLE auto
ADD CONSTRAINT fk_valto FOREIGN KEY (valtoid)
REFERENCES valto (id);

--
-- Create view `alldata`
--
CREATE
DEFINER = 'root'@'localhost'
VIEW alldata
AS
SELECT
  `a`.`id` AS `id`,
  `gy`.`gyarto` AS `gyarto`,
  `a`.`modell` AS `modell`,
  `a`.`ev` AS `ev`,
  `a`.`ar` AS `ar`,
  `al`.`allapot` AS `allapot`,
  `sz`.`szin` AS `szin`,
  `a`.`hengerfej` AS `hengerfej`,
  `u`.`uzemanyag` AS `uzemanyag`,
  `a`.`km` AS `km`,
  `v`.`valto` AS `valto`,
  `a`.`alvaz` AS `alvaz`,
  `m`.`meghajtas` AS `meghajtas`,
  `k`.`kivitel` AS `kivitel`
FROM (((((((`auto` `a`
  JOIN `allapot` `al`)
  JOIN `gyarto` `gy`)
  JOIN `kivitel` `k`)
  JOIN `meghajtas` `m`)
  JOIN `szin` `sz`)
  JOIN `uzemanyag` `u`)
  JOIN `valto` `v`)
WHERE ((`a`.`gyartoid` = `gy`.`id`)
AND (`a`.`allapotid` = `al`.`id`)
AND (`a`.`szinid` = `sz`.`id`)
AND (`a`.`uzemanyagid` = `u`.`id`)
AND (`a`.`valtoid` = `v`.`id`)
AND (`a`.`meghajtasid` = `m`.`id`)
AND (`a`.`kivitelid` = `k`.`id`))
ORDER BY `a`.`id`;

--
-- Create table `special`
--
CREATE TABLE special (
  id int NOT NULL AUTO_INCREMENT,
  autoid int DEFAULT NULL,
  text varchar(255) DEFAULT NULL,
  PRIMARY KEY (id)
)
ENGINE = INNODB,
AUTO_INCREMENT = 5,
AVG_ROW_LENGTH = 5461,
CHARACTER SET utf16,
COLLATE utf16_hungarian_ci;

--
-- Create view `kulonleges`
--
CREATE
DEFINER = 'root'@'localhost'
VIEW kulonleges
AS
SELECT
  `a`.`id` AS `id`,
  `a`.`gyarto` AS `gyarto`,
  `a`.`modell` AS `modell`,
  `a`.`ev` AS `ev`,
  `s`.`text` AS `text`
FROM (`alldata` `a`
  JOIN `special` `s`)
WHERE (`a`.`id` = `s`.`autoid`);

--
-- Create table `users`
--
CREATE TABLE users (
  id int NOT NULL AUTO_INCREMENT,
  username varchar(255) NOT NULL,
  password varchar(255) NOT NULL,
  name varchar(255) NOT NULL,
  email varchar(50) NOT NULL,
  createdate date NOT NULL DEFAULT (CAST(NOW() AS date)),
  jog varchar(255) NOT NULL DEFAULT '0',
  hirlevel tinyint(1) NOT NULL DEFAULT 0,
  PRIMARY KEY (id)
)
ENGINE = INNODB,
AUTO_INCREMENT = 19,
AVG_ROW_LENGTH = 8192,
CHARACTER SET utf16,
COLLATE utf16_hungarian_ci;

DELIMITER $$

--
-- Create function `titkosit`
--
CREATE
DEFINER = 'root'@'localhost'
FUNCTION titkosit (passin varchar(255))
RETURNS varchar(255) CHARSET utf8mb4
NO SQL
BEGIN
  DECLARE n_pass varchar(255);
  SET n_pass = CONCAT('*', UPPER(SHA1(UNHEX(SHA1(passin)))));
  RETURN n_pass;
END
$$

DELIMITER ;

-- 
-- Dumping data for table valto
--
INSERT INTO valto VALUES
(1, 'Automata'),
(2, 'Kézi');

-- 
-- Dumping data for table uzemanyag
--
INSERT INTO uzemanyag VALUES
(1, 'Benzin'),
(2, 'Dízel');

-- 
-- Dumping data for table szin
--
INSERT INTO szin VALUES
(1, 'Fehér'),
(2, 'Fekete'),
(3, 'Narancs'),
(4, 'Ezüst'),
(5, 'Zöld'),
(6, 'Sárga'),
(7, 'Piros'),
(8, 'Szürke'),
(9, 'Barna'),
(10, 'Kék'),
(11, 'Egyedi');

-- 
-- Dumping data for table meghajtas
--
INSERT INTO meghajtas VALUES
(1, 'Első kerék'),
(2, 'Hátsó kerék'),
(3, 'Összkerék');

-- 
-- Dumping data for table kivitel
--
INSERT INTO kivitel VALUES
(1, 'Sedan'),
(2, 'Kombi'),
(3, 'Coupe'),
(4, 'Cabrio'),
(5, 'Ferdehátú'),
(6, 'Egyterű'),
(7, 'SUV'),
(8, 'Pickup'),
(9, 'Terepjáró'),
(10, 'Kisbusz');

-- 
-- Dumping data for table gyarto
--
INSERT INTO gyarto VALUES
(1, 'Acura'),
(2, 'Alfa-Romeo'),
(3, 'Audi'),
(4, 'Bmw'),
(5, 'Buick'),
(6, 'Cadillac'),
(7, 'Chevrolet'),
(8, 'Chrysler'),
(9, 'Dodge'),
(10, 'Ferrari'),
(11, 'Fiat'),
(12, 'Ford'),
(13, 'Gmc'),
(14, 'Honda'),
(15, 'Hyundai'),
(16, 'Infiniti'),
(17, 'Jaguar'),
(18, 'Jeep'),
(19, 'Kia'),
(20, 'Lexus'),
(21, 'Lincoln'),
(22, 'Mazda'),
(23, 'Mercedes-benz'),
(24, 'Mini'),
(25, 'Mitsubishi'),
(26, 'Nissan'),
(27, 'Pontiac'),
(28, 'Porsche'),
(29, 'Ram'),
(30, 'Rover'),
(31, 'Subaru'),
(32, 'Toyota'),
(33, 'Volkswagen'),
(34, 'Volvo');

-- 
-- Dumping data for table allapot
--
INSERT INTO allapot VALUES
(1, 'Új'),
(2, 'Újszerű'),
(3, 'Kiváló'),
(4, 'Jó'),
(5, 'Megkímélt');

-- 
-- Dumping data for table users
--
INSERT INTO users VALUES
(15, 'admin', '*01A6717B58FF5C7EAFFF6CB7C96F7428EA65FE4C', 'Rendszer Adminisztrátor', 'admin@gmail.com', '2023-01-30', '10', 0),
(16, 'MaskedWaltex', '*09556207D631AC01166825CE35F5423629F4F6B0', 'Molnár Ferenc', 'nfecoka4@gmail.com', '2023-01-30', '1', 0),
(17, 'Finea', '*B080395044007D7189901622EE0E07C3BB057CA4', 'Szőke  Zoltánné ', 'zsuzsi.f.m@gmail.com', '2023-02-01', '1', 1),
(18, 'test', '*1BF3116A5372A85B80F3769F62A5162B482C00EE', 'Molnár Ferenc', 'test@gmail.com', '2023-02-01', '1', 0);

-- 
-- Dumping data for table special
--
INSERT INTO special VALUES
(1, 180, 'Nagy teljesítményű sport autó, 5 literes V8 motorral szerelve'),
(2, 328, 'Retro nyitott sportkocsi, a két világháború közötti időkből'),
(3, 339, 'Japán sportautó V6-tal a motorháztető alatt');

-- 
-- Dumping data for table auto
--
INSERT INTO auto VALUES
(1, 1, 'MDX', 2011, 2400000, 4, 1, 6, 1, 197331, 1, '2HNYD28377H522352', 3, 7),
(2, 1, 'MDX', 2005, 1800000, 4, 2, 4, 1, 279000, 1, '1FAFP13P1WW137478', 3, 7),
(3, 1, 'MDX', 2013, 8236000, 4, 1, 6, 1, 77087, 1, 'JH4KA8160NC005601', 3, 7),
(4, 1, 'MDX', 2020, 15996000, 4, 4, 6, 1, 1237, 2, 'JH4DA9440NS003801', 3, 7),
(5, 1, 'RL', 2002, 1980000, 3, 5, 8, 1, 201000, 1, 'YS3FB49S741008010', 1, 1),
(6, 1, 'TL', 2008, 1400000, 4, 2, 6, 1, 242000, 1, 'WA1LKAFP1AA007546', 1, 1),
(7, 1, 'TL', 2005, 2392000, 4, 7, 8, 1, 179721, 1, 'JH4DA3340HS032394', 1, 1),
(8, 1, 'TLX', 2018, 11200000, 3, 4, 4, 1, 55000, 1, '5N3AA08D68N901917', 1, 1),
(9, 1, 'TSX', 2006, 3519600, 1, 4, 4, 1, 89375, 1, '1FVACYDC37HW59012', 1, 1),
(10, 2, 'Stelvio', 2018, 13036000, 4, 2, 4, 1, 14863, 1, '3TMCZ5AN5LM357685', 1, 5),
(11, 2, 'Stelvio', 2018, 11996000, 4, 1, 4, 1, 26978, 1, 'JH4KA3260LC000123', 1, 5),
(12, 3, 'A3', 2018, 11996000, 4, 2, 4, 1, 24996, 1, '4T1SK12E7PU300490', 1, 1),
(13, 3, 'A3', 2011, 4796000, 2, 1, 4, 1, 70000, 1, '1GNDT13S582215117', 1, 1),
(14, 3, 'A3', 2018, 11836000, 4, 1, 4, 1, 13035, 1, 'WP1AB29P88LA47599', 1, 1),
(15, 3, 'Q5', 2018, 11436000, 4, 4, 6, 2, 31033, 2, 'JH4DA3453GS006314', 3, 7),
(16, 3, 'Q5', 2020, 15596000, 4, 4, 6, 2, 19067, 1, 'JN6MD06S2BW031939', 3, 7),
(17, 3, 'Q7', 2017, 11560000, 4, 4, 8, 1, 94601, 1, 'JKBVNKD167A013982', 3, 7),
(18, 4, '128', 2012, 5836000, 4, 1, 6, 1, 80465, 1, 'JH4KA4640KC013757', 2, 3),
(19, 4, '328', 2011, 3196000, 3, 1, 6, 1, 123000, 1, '4JGAB54E81A277648', 2, 1),
(20, 4, '5 Series', 2016, 10396000, 2, 1, 6, 1, 75123, 1, 'JH4DB7650SS002893', 2, 1),
(21, 4, '525', 1995, 1000000, 5, 4, 8, 1, 110661, 1, 'SCFEFBBC5AGD13386', 2, 1),
(22, 4, 'X3', 2013, 3192000, 3, 4, 8, 1, 156295, 2, '1G1JC1243T7246823', 2, 7),
(23, 4, 'X5', 2009, 3996000, 3, 1, 6, 2, 93659, 1, 'JH4DA9380PS016488', 3, 7),
(24, 4, 'X6', 2012, 13800000, 1, 10, 6, 2, 53723, 1, 'WMWZN3C51BT133317', 3, 1),
(25, 4, 'Z4', 2004, 3400000, 3, 4, 8, 1, 116014, 1, '1J4GZ78Y5PC574443', 2, 4),
(26, 4, 'Z4', 2005, 5180000, 3, 4, 8, 1, 69586, 1, 'JNKCV54E46M706213', 2, 4),
(27, 5, 'Enclave', 2015, 6590800, 4, 1, 4, 2, 103969, 1, 'KMHDU4AD4AU060352', 1, 4),
(28, 5, 'Enclave', 2008, 2592000, 5, 2, 4, 1, 183858, 1, '1GTEK19RXVE536195', 2, 7),
(29, 5, 'Encore GX', 2020, 10236000, 4, 10, 6, 1, 1113, 1, 'JH4CC2544PC004877', 1, 7),
(30, 5, 'Encore GX', 2020, 11596000, 4, 1, 4, 1, 21154, 2, '1N6SD16S8NC343640', 1, 7),
(31, 5, 'Lacrosse', 2006, 1760000, 4, 1, 4, 1, 124201, 1, 'JH4DA3341JS014654', 1, 1),
(32, 5, 'Lacrosse', 2006, 1359600, 1, 2, 6, 2, 160218, 1, 'KNDPB3A21B7082471', 1, 1),
(33, 5, 'Lesabre', 1997, 920000, 5, 4, 4, 1, 201566, 1, 'JH4CC2560PC005719', 1, 1),
(34, 5, 'Lesabre', 2000, 1040000, 1, 2, 6, 1, 212061, 1, 'JYAVP24E39A007465', 1, 1),
(35, 5, 'Regal', 2017, 8636000, 4, 1, 6, 1, 14934, 1, '1J4FA29P4YP728937', 1, 1),
(36, 5, 'Regal', 2018, 8796000, 4, 1, 6, 2, 4988, 2, 'JH4DA9470MS008988', 1, 1),
(37, 5, 'Verano', 2014, 4790800, 4, 5, 6, 1, 54693, 1, '3N1CP5DV4LL500636', 1, 1),
(38, 6, 'Escalade', 2011, 7960000, 4, 1, 8, 2, 133257, 1, 'WAUGC0896JA235262', 2, 7),
(39, 6, 'SRX', 2004, 1020000, 4, 1, 4, 1, 224105, 1, '1G6CD6988G4334344', 2, 7),
(40, 6, 'STS', 2005, 2392000, 2, 1, 6, 2, 129448, 1, 'KNAFB121515056162', 2, 1),
(41, 6, 'XT4', 2019, 12636000, 1, 1, 8, 2, 12102, 1, 'WBSPM9C52BE202514', 1, 5),
(42, 6, 'XT5', 2019, 12636000, 4, 1, 4, 1, 12102, 2, 'JH4KA8171RC002009', 1, 5),
(43, 7, 'Bel Air', 1955, 7980000, 4, 4, 4, 2, 96867, 1, '1GYFK63878R248711', 2, 1),
(44, 7, 'Blazer', 2004, 1200000, 4, 1, 8, 2, 131500, 1, '1FMYU92ZX5KD13670', 3, 7),
(45, 7, 'Camaro', 2015, 6396000, 5, 1, 6, 1, 53000, 1, 'JNKCV61E49M014581', 2, 4),
(46, 7, 'Camaro SS', 2016, 15196000, 4, 10, 4, 1, 9704, 1, 'JTMWF4DV8C5047998', 2, 3),
(47, 7, 'Camaro SS', 2017, 15836000, 4, 1, 8, 2, 10496, 2, '5FNRL38679B039269', 2, 3),
(48, 7, 'Captiva', 2013, 2192000, 1, 2, 4, 1, 182711, 1, '1D7HU18D54S747050', 1, 7),
(49, 7, 'Cavalier', 2003, 1319600, 1, 1, 4, 2, 176354, 1, '1FMZU72X6YZC22785', 1, 3),
(50, 7, 'Cavalier', 2003, 1319600, 1, 10, 6, 2, 176354, 1, '7JRA22TM7LG032143', 1, 3),
(51, 7, 'Cobalt', 2010, 1560000, 2, 10, 4, 1, 162218, 1, 'JH4NA1150PT000087', 1, 1),
(52, 7, 'Cobalt', 2010, 1590000, 5, 1, 4, 1, 162455, 1, '1G4GJ11Y9HP422546', 1, 1),
(53, 7, 'Colorado', 2004, 600000, 5, 2, 8, 1, 150000, 1, 'ZDM1UB5W86B016210', 2, 8),
(54, 7, 'Colorado', 2016, 11996000, 4, 1, 6, 1, 17302, 2, 'JH4DB1550LS000111', 3, 8),
(55, 7, 'Colorado', 2016, 11996000, 4, 10, 4, 2, 17302, 1, 'JH4DB1650PS000680', 3, 8),
(56, 7, 'Colorado', 2016, 12396000, 4, 2, 4, 2, 34940, 1, '3LNHL2JC5CR800713', 3, 8),
(57, 7, 'Colorado', 2017, 11196000, 4, 10, 8, 2, 22120, 1, '1MEBM62F2JH693379', 3, 8),
(58, 7, 'Colorado', 2017, 11196000, 4, 1, 4, 2, 22120, 1, 'WBANF73576CG65408', 3, 8),
(59, 7, 'Corvette', 2021, 39980000, 5, 10, 4, 1, 510, 1, 'JH4DA3441HS012198', 2, 3),
(60, 7, 'Corvette', 1991, 5158000, 2, 1, 4, 1, 43725, 1, 'JH4NA1150MT000683', 2, 3),
(61, 7, 'Corvette', 2010, 14236000, 4, 7, 6, 2, 31879, 2, 'JH4KA4561JC021254', 2, 3),
(62, 7, 'Corvette', 2011, 15436000, 4, 7, 6, 2, 30237, 2, '1FUPCSZB7XPA16487', 2, 3),
(63, 7, 'Corvette', 2000, 5400000, 2, 2, 6, 1, 92000, 2, '1YVHZ8CH2A5M03260', 2, 3),
(64, 7, 'HHR', 2010, 1340000, 2, 7, 4, 1, 177602, 1, '1D4HR38N13F581006', 2, 7),
(65, 7, 'Impala', 2005, 480000, 5, 10, 4, 2, 256806, 1, 'WP0AA2A79BL017244', 1, 1),
(66, 7, 'Malibu', 1976, 1000000, 1, 1, 6, 1, 100, 1, '1FTEW1CP4LFB84170', 1, 1),
(67, 7, 'Malibu', 1979, 8000000, 2, 2, 4, 2, 1234, 1, '1B7HF13Y2WJ198530', 2, 1),
(68, 7, 'Malibu', 2018, 6358800, 3, 2, 4, 2, 65950, 2, 'WBAKF9C52BE619303', 1, 1),
(69, 7, 'Monte Carlo', 1970, 9400000, 3, 2, 8, 1, 18678, 1, '1G8AZ52F23Z114214', 1, 3),
(70, 7, 'Silverado', 2012, 3000000, 3, 1, 6, 2, 212000, 1, '1FTRW12507FB38262', 2, 8),
(71, 7, 'Silverado', 2017, 18000000, 3, 7, 6, 2, 92000, 1, 'JH4KA4531JC024340', 3, 8),
(72, 7, 'Silverado 1500', 2014, 10796000, 4, 2, 4, 1, 63129, 1, 'YS3AL7158TIU1516', 2, 8),
(73, 7, 'Silverado 1500', 2011, 8398000, 4, 4, 4, 1, 137701, 1, 'JN1EV7AP7LM200689', 3, 8),
(74, 7, 'Silverado 1500', 2015, 10398000, 2, 4, 4, 2, 151681, 1, '2B4FK55J9KR146695', 3, 8),
(75, 7, 'Silverado 1500', 2016, 13598000, 3, 4, 4, 1, 115000, 1, 'JH4KA2540HC029679', 3, 8),
(76, 7, 'Silverado 1500', 2016, 12796000, 1, 1, 8, 2, 107597, 1, 'JTHBB1BA2A2013500', 3, 8),
(77, 7, 'Silverado 1500', 2019, 11920000, 5, 7, 4, 2, 39000, 1, '4S3BJ6332P6953766', 3, 8),
(78, 7, 'Silverado 1500', 2010, 9036000, 4, 10, 8, 2, 71229, 1, '2HGED6349LH506746', 2, 8),
(79, 7, 'Silverado 1500', 2014, 11996000, 4, 10, 4, 2, 26129, 2, 'WAUD2AFD7DN006931', 3, 8),
(80, 7, 'Silverado 1500', 2016, 13836000, 4, 10, 4, 1, 29499, 2, '1B3BG56P3FX563681', 3, 8),
(81, 7, 'Silverado 1500', 2017, 9836000, 4, 1, 6, 2, 40784, 2, '1GCCS1442W8181753', 2, 8),
(82, 7, 'Silverado 1500', 2020, 15836000, 4, 7, 6, 2, 19160, 1, '5FNRL38739B001353', 2, 8),
(83, 7, 'Silverado 1500', 2019, 13196000, 4, 2, 8, 2, 6897, 2, '1FTEX1C85AFB83192', 2, 8),
(84, 7, 'Silverado 2500', 2008, 12800000, 4, 1, 8, 2, 109600, 1, '4S3BK4358V7310025', 3, 8),
(85, 7, 'Silverado 2500', 2013, 11998000, 5, 10, 8, 1, 173000, 1, 'JN1EV7AR9LM251385', 3, 8),
(86, 7, 'Silverado 2500', 2017, 14798000, 1, 1, 6, 1, 43553, 1, '2G1WF52E859227943', 3, 8),
(87, 7, 'Silverado 2500', 2017, 11598000, 3, 10, 8, 1, 102000, 1, '1GNDT13W5R2133070', 2, 8),
(88, 7, 'Silverado 2500', 2018, 19560000, 2, 2, 4, 2, 43034, 1, '2G1WH55K5Y9322458', 3, 8),
(89, 7, 'Silverado 3500', 2014, 11160000, 4, 1, 8, 2, 170525, 1, 'JH4KA7660MC001937', 3, 8),
(90, 7, 'Silverado 3500', 2013, 14798000, 5, 1, 4, 1, 58056, 1, '1A8HW58268F133559', 2, 8),
(91, 7, 'Sonic', 2014, 4518000, 4, 7, 4, 1, 49019, 1, 'YV1SW61R021197119', 1, 5),
(92, 7, 'Tahoe', 2021, 29160000, 4, 4, 8, 2, 19129, 1, '1XPWDBTX48D766660', 3, 7),
(93, 7, 'Tahoe', 2007, 4798000, 3, 4, 4, 1, 170865, 1, '4T1BF12B3VU142754', 3, 7),
(94, 7, 'Tahoe', 1996, 1400000, 3, 2, 8, 1, 237000, 1, 'YS3ED48E5Y3070016', 3, 7),
(95, 7, 'Tahoe', 2017, 16000000, 2, 4, 4, 1, 68000, 1, 'WDBRN40J54A591238', 2, 7),
(96, 7, 'Tahoe', 2015, 14796000, 4, 2, 4, 1, 51677, 2, '4S3BK4355T6319316', 3, 7),
(97, 7, 'Trailblazer', 2006, 1280000, 4, 4, 4, 1, 178762, 1, 'J8DE5B16477903094', 2, 7),
(98, 7, 'Trailblazer', 2002, 1860000, 3, 10, 6, 2, 139000, 1, '1HGEM21292L047875', 1, 7),
(99, 7, 'Traverse', 2010, 1992000, 3, 4, 4, 2, 208122, 2, '4V4NC9JH21N322086', 2, 7),
(100, 7, 'Trax', 2019, 6800000, 4, 4, 6, 1, 14898, 1, 'WDBHA33G2XF844170', 3, 7),
(101, 8, '200', 2016, 5198000, 3, 2, 6, 2, 72754, 1, 'WVWAF93D258002461', 3, 1),
(102, 8, '300', 2012, 3392000, 3, 2, 4, 1, 187000, 1, '2G1WF52K959355243', 3, 1),
(103, 8, '300', 2012, 2992000, 1, 10, 6, 2, 187910, 1, 'YV1LS55A3X1588402', 2, 1),
(104, 8, '300', 2018, 8236000, 4, 2, 6, 2, 71021, 1, 'JH4DB1550MS003978', 2, 1),
(105, 8, '300M', 1999, 1320000, 2, 1, 4, 1, 162026, 1, 'JH4DA1842JS003823', 1, 1),
(106, 8, 'Town & Country', 2004, 1200000, 4, 4, 4, 1, 176144, 1, 'SHSRD78875U336227', 1, 10),
(107, 8, 'Town & Country', 2003, 3800000, 3, 10, 4, 2, 30376, 1, '1B7GG23Y1NS526835', 1, 10),
(108, 9, 'Challenger R/T', 2016, 14396000, 4, 2, 8, 1, 18955, 2, 'WP0CB29906S769518', 2, 3),
(109, 9, 'Charger', 2010, 3592000, 3, 4, 6, 2, 207000, 1, 'JH4KA3171KC016159', 2, 1),
(110, 9, 'Charger', 2012, 13998000, 4, 2, 4, 2, 41000, 1, '1FVNY5Y90HP312888', 2, 1),
(111, 9, 'Charger', 2017, 6000000, 3, 4, 8, 1, 90000, 1, 'JN1CA31D3YT717809', 2, 1),
(112, 9, 'Charger', 2016, 6400000, 2, 4, 4, 2, 62000, 1, 'JH4DA3340GS007428', 2, 1),
(113, 9, 'Charger', 2010, 3592000, 4, 2, 6, 1, 207260, 1, 'KMHD25LE1DU042025', 2, 1),
(114, 9, 'Durango', 2003, 1540000, 1, 10, 6, 2, 215604, 1, 'JH4KA3160JC002842', 2, 7),
(115, 9, 'Grand Caravan', 2013, 9160000, 5, 4, 8, 1, 68228, 1, 'KL4MMDSL6LB104869', 1, 10),
(116, 9, 'Viper RT10', 1999, 15998000, 2, 4, 6, 2, 15897, 2, '1GBJK39DX6E165432', 2, 4),
(117, 10, '360 Modena', 2001, 39560000, 4, 7, 8, 2, 20187, 1, 'JF1GF4350XH802545', 2, 4),
(118, 11, '500L', 2014, 3560000, 4, 7, 8, 2, 84778, 1, '5FNRL38489B006926', 1, 5),
(119, 12, 'Bronco II', 1988, 500000, 5, 2, 8, 1, 90000, 2, 'JH4DC2390SS000570', 3, 7),
(120, 12, 'C-Max', 2017, 6396000, 4, 10, 4, 2, 48195, 2, '1GNDX03E03D188446', 1, 2),
(121, 12, 'Crown Victoria', 2001, 2320000, 1, 1, 6, 1, 105000, 1, '5XYKU4A12BG001739', 2, 1),
(122, 12, 'Crown Victoria', 2011, 600000, 3, 1, 6, 1, 123000, 1, 'JH4KA7660RC001542', 2, 1),
(123, 12, 'E350', 2001, 2200000, 5, 1, 4, 2, 340000, 1, '1G4HP54KX24151104', 1, 10),
(124, 12, 'Econoline', 2012, 11598000, 5, 1, 8, 2, 93923, 1, '1FVACWCSX4HM74500', 2, 10),
(125, 12, 'Edge', 2018, 7196000, 2, 10, 4, 1, 1111111, 1, '1GBJC34R9XF017297', 1, 7),
(126, 12, 'Edge', 2007, 1992000, 5, 1, 8, 1, 178095, 1, '3D7UT2CL2BG587350', 3, 1),
(127, 12, 'Escape', 2008, 2760000, 4, 1, 4, 1, 103550, 1, 'KNDPB3A23B7135414', 1, 7),
(128, 12, 'Escape', 2011, 3240000, 3, 1, 6, 1, 140000, 1, 'JTJAARBZ1L2159357', 1, 7),
(129, 12, 'Escape', 2013, 4634800, 4, 2, 4, 1, 215046, 2, '1B4GP54R2VB378393', 1, 7),
(130, 12, 'Expedition', 2017, 11836000, 4, 10, 6, 1, 70760, 2, 'SCFAB22311K301756', 3, 7),
(131, 12, 'Explorer', 2016, 7300000, 3, 10, 6, 1, 69000, 1, 'JT6HT00W4Y0093462', 3, 7),
(132, 12, 'Explorer', 2017, 7960000, 3, 4, 6, 2, 71000, 1, 'JH4DB1650LS007249', 3, 7),
(133, 12, 'Explorer', 2010, 4398800, 1, 1, 8, 2, 137906, 1, 'JH4KA4670LC010014', 3, 7),
(134, 12, 'F100', 1954, 10800000, 2, 4, 6, 2, 6000, 2, '1FVACXCSX7HY67259', 3, 8),
(135, 12, 'F150', 1978, 2200000, 4, 5, 6, 1, 239000, 1, 'JH4KA2550HC005889', 3, 8),
(136, 12, 'F150', 2010, 7580000, 4, 2, 8, 1, 151403, 1, 'JH4DB1572NS006190', 3, 8),
(137, 12, 'F150', 1997, 1500000, 4, 10, 6, 1, 150000, 1, 'WD5WD641525381291', 3, 8),
(138, 12, 'F150', 2006, 1400000, 1, 10, 6, 1, 246000, 1, 'WVGBV7AX6CW559712', 3, 8),
(139, 12, 'F150', 2008, 5198000, 4, 5, 6, 1, 93146, 1, 'JH4KA8170NC000665', 3, 8),
(140, 12, 'F150', 2017, 11198000, 4, 2, 4, 1, 101000, 1, '5YFP4MCE0MP062012', 3, 8),
(141, 12, 'F150', 2018, 15000000, 3, 10, 8, 1, 30026, 1, '1G8ZH528X2Z310309', 3, 8),
(142, 12, 'F150', 1998, 2360000, 3, 7, 4, 2, 214000, 1, 'SMT905JN26J262542', 3, 8),
(143, 12, 'F150', 2011, 3580000, 3, 1, 4, 2, 164000, 1, 'JH4KA8250MC004002', 1, 8),
(144, 12, 'F150', 2013, 6000000, 3, 2, 8, 1, 128000, 1, '4S3BK6354S6355265', 2, 8),
(145, 12, 'F150', 2014, 9180000, 3, 2, 6, 2, 166380, 1, '3HGCM56364G702777', 3, 8),
(146, 12, 'F150', 2019, 9955200, 3, 1, 8, 2, 8176, 1, '3N1BC11E79L484011', 2, 8),
(147, 12, 'F150', 2017, 8360000, 1, 1, 4, 1, 147124, 1, '1FMZK04185GA30815', 3, 8),
(148, 12, 'F150', 2018, 8720000, 3, 4, 4, 1, 143603, 1, '4T1BF1FK4CU609641', 3, 8),
(149, 12, 'F150', 2013, 9036000, 4, 4, 6, 1, 14169, 1, '1FUJAPCK25DU88948', 3, 8),
(150, 12, 'F150', 2016, 10796000, 4, 2, 6, 1, 14230, 2, 'JH4DA9460NS007560', 3, 8),
(151, 12, 'F150', 2018, 13836000, 4, 1, 8, 2, 20856, 2, '2HKRM4H73CH623544', 3, 8),
(152, 12, 'F150', 2019, 15036000, 4, 4, 6, 2, 8663, 2, '3D4GG47B09T581222', 3, 8),
(153, 12, 'F150', 2019, 15036000, 4, 10, 6, 2, 8663, 2, '4UZAAZAL53CL74424', 3, 8),
(154, 12, 'F150', 2020, 15596000, 4, 1, 6, 2, 12231, 1, '1FV3EFAC7TL676933', 3, 8),
(155, 12, 'F250', 2003, 3560000, 4, 7, 4, 1, 247000, 1, 'JH4KA4670KC024543', 2, 8),
(156, 12, 'F250', 2004, 7960000, 4, 10, 6, 2, 88000, 1, '1HGCM66554A033052', 3, 8),
(157, 12, 'F250', 2008, 4600000, 4, 1, 4, 2, 283356, 1, '1G1ZT51816F264066', 2, 8),
(158, 12, 'F250', 2012, 14798000, 1, 5, 4, 2, 41364, 1, 'JH4DB1570MS001469', 3, 8),
(159, 12, 'F250', 2012, 15598000, 1, 4, 4, 2, 9205, 1, '1HGCT2B88DA000025', 3, 8),
(160, 12, 'F250', 2012, 9998000, 3, 1, 6, 1, 40023, 1, 'JH4KA7630MC005945', 3, 8),
(161, 12, 'F250', 2014, 1800000, 1, 10, 6, 1, 250000, 1, 'WP0CA29972S650104', 3, 8),
(162, 12, 'F250', 2015, 13998000, 4, 1, 8, 2, 84526, 1, '3B7KF23Z91G223647', 3, 8),
(163, 12, 'F250', 2016, 11998000, 1, 2, 4, 1, 235000, 1, '1GNSKPKD7MR102321', 3, 8),
(164, 12, 'F250', 2017, 13998000, 4, 1, 4, 1, 138052, 1, 'KMHFG4JG1CA181127', 3, 8),
(165, 12, 'F250', 2011, 6600000, 3, 1, 6, 2, 201766, 1, '3B7HF13YXWG209744', 3, 8),
(166, 12, 'F250', 2018, 11160000, 3, 1, 4, 1, 159911, 1, '1FTRW14W84KC76110', 3, 8),
(167, 12, 'F250', 2019, 16236000, 4, 1, 6, 1, 9313, 2, '2C3CA4CG9BH568826', 3, 8),
(168, 12, 'F350', 2012, 11198000, 4, 1, 4, 1, 45822, 1, '3C8FY68B72T322831', 3, 8),
(169, 12, 'F350', 2012, 9198000, 5, 2, 4, 2, 210000, 1, '2FABP7EV7BX127047', 3, 8),
(170, 12, 'F350', 2015, 10798000, 4, 10, 4, 1, 232000, 1, '2T1BR32E56C640079', 3, 8),
(171, 12, 'F350', 2015, 10798000, 5, 1, 6, 2, 247000, 1, 'JH4KA7556PC018027', 3, 8),
(172, 12, 'F350', 2017, 12798000, 4, 1, 4, 1, 129638, 1, 'JNKCA21D2VT502228', 3, 8),
(173, 12, 'F450', 2001, 9000000, 4, 1, 6, 1, 144700, 2, 'JH4KA4551KC003961', 2, 8),
(174, 12, 'F450', 1994, 1400000, 5, 1, 4, 1, 190000, 2, 'SCBBR53W36C034889', 2, 8),
(175, 12, 'Fiesta ', 2011, 2360000, 1, 4, 8, 1, 109000, 1, 'JH4KA4540LC016127', 1, 1),
(176, 12, 'Focus', 2005, 1280000, 4, 1, 4, 2, 189886, 1, '7JRBR0FM4KG013841', 1, 1),
(177, 12, 'Freestar', 2005, 1998000, 5, 4, 4, 1, 121724, 1, 'SCFBF03C19GC12573', 3, 10),
(178, 12, 'Mustang', 2012, 4392000, 3, 4, 8, 2, 159000, 1, 'JH4KA3261JC024072', 2, 3),
(179, 12, 'Mustang', 2008, 1800000, 3, 7, 4, 1, 187016, 1, '1GCFK29K0SE179442', 2, 3),
(180, 12, 'Mustang GT', 2018, 13996000, 4, 2, 6, 1, 18650, 2, 'JH4KA8270MC000405', 2, 3),
(181, 12, 'Mustang GT', 2020, 15836000, 4, 1, 4, 1, 1419, 1, '1FMCU04112KA71263', 2, 3),
(182, 12, 'Ranger', 2008, 5000000, 3, 4, 8, 2, 141345, 1, 'SAJWA1C78D8V38055', 2, 8),
(183, 12, 'Ranger', 2019, 12396000, 4, 2, 8, 1, 1834, 2, 'JH4KA4560KC018749', 3, 8),
(184, 12, 'Ranger', 2020, 11196000, 4, 1, 8, 2, 10688, 2, '1FUPDXYB3PP469921', 3, 8),
(185, 12, 'Sport Trac', 2002, 2600000, 4, 10, 6, 2, 114775, 1, 'WP0AC29945S692185', 3, 8),
(186, 12, 'Taurus', 2015, 5000000, 2, 1, 4, 1, 90000, 1, '2FTHF25H6LCB36173', 1, 1),
(187, 12, 'Taurus', 2006, 1120000, 4, 1, 4, 1, 230108, 1, '1J4FT68SXXL633294', 1, 1),
(188, 12, 'Taurus', 2007, 1199600, 3, 10, 4, 2, 162029, 1, '1G1ZT51806F128009', 1, 1),
(189, 12, 'Thunderbird', 2002, 8500000, 1, 7, 8, 2, 15996, 1, 'JH4DB1542MS007683', 1, 4),
(190, 12, 'Transit T250', 2016, 9160000, 1, 1, 4, 1, 95900, 1, 'JH4DA3350GS005185', 2, 10),
(191, 12, 'Windstar', 1999, 1398000, 4, 2, 6, 2, 135448, 1, 'JH4KA3240HC002301', 1, 10),
(192, 13, '1500', 2015, 12755200, 4, 1, 4, 1, 109947, 1, '1GNDS13S132266223', 2, 7),
(193, 13, 'Acadia', 2017, 11596000, 4, 2, 8, 1, 18041, 2, 'KL4MMGSL4LB128069', 1, 7),
(194, 13, 'Acadia', 2018, 11436000, 4, 1, 4, 2, 20736, 1, 'SAJWA2GEXBMV00832', 1, 7),
(195, 13, 'Acadia', 2018, 10796000, 4, 4, 8, 1, 26514, 1, '5TEWN72N63Z275910', 1, 7),
(196, 13, 'Acadia', 2020, 12396000, 4, 1, 4, 1, 35200, 2, '1J4GX48S81C511876', 3, 7),
(197, 13, 'Acadia', 2020, 14636000, 4, 2, 4, 1, 33026, 2, '1J4GZ58S7VC697710', 3, 7),
(198, 13, 'Canyon', 2018, 9996000, 4, 10, 8, 2, 32329, 2, 'JH4KA4650LC000937', 3, 8),
(199, 13, 'Denali', 2007, 3520000, 4, 1, 6, 1, 269000, 1, '4A3AB76T68E011282', 3, 8),
(200, 13, 'Sierra 1500', 2014, 11980000, 3, 2, 8, 1, 139029, 1, '2GCHG31K6J4141689', 3, 8),
(201, 13, 'Sierra 1500', 2007, 4392000, 2, 1, 8, 2, 181000, 1, '1GCFG25F6V1059733', 3, 7),
(202, 13, 'Sierra 1500', 2013, 11836000, 4, 4, 8, 2, 37888, 1, '1NXBB02E9TZ393131', 3, 8),
(203, 13, 'Sierra 1500', 2013, 9836000, 4, 1, 6, 1, 80318, 2, '1G8DC18D0CF150367', 3, 8),
(204, 13, 'Sierra 1500', 2013, 9836000, 4, 10, 6, 2, 80318, 2, '4KLB4J1N29J800738', 3, 8),
(205, 13, 'Sierra 1500', 2014, 13436000, 4, 1, 4, 1, 57923, 1, '2C3CA5CG8BH558973', 3, 8),
(206, 13, 'Sierra 1500', 2015, 10236000, 4, 1, 6, 1, 35290, 2, 'JH4KA7630PC007649', 3, 8),
(207, 13, 'Sierra 1500', 2019, 14636000, 4, 10, 6, 2, 14222, 2, 'JH4DB8580SS001230', 3, 8),
(208, 13, 'Sierra 2500', 2014, 18380000, 3, 2, 6, 1, 154289, 1, '2C3CCAFJ2CH801561', 3, 8),
(209, 13, 'Sierra 2500', 2015, 10398000, 5, 7, 6, 2, 126690, 1, '1FA6P8CF5L5136223', 3, 8),
(210, 13, 'Sierra 2500', 2012, 11196000, 4, 2, 4, 1, 68696, 1, '1ZVFT80N475211367', 3, 8),
(211, 13, 'Sierra 2500', 2016, 14796000, 4, 2, 6, 1, 23190, 2, '1C3CDZBG8DN504146', 3, 8),
(212, 13, 'Sierra 3500', 2019, 23590800, 1, 1, 8, 2, 66368, 1, 'JH4DA9360LS010859', 3, 8),
(213, 13, 'Terrain', 2015, 4790800, 3, 4, 6, 2, 106591, 1, '5N3AA08CX7N805813', 1, 7),
(214, 13, 'Terrain', 2013, 3960000, 3, 2, 4, 2, 148285, 1, 'JH4KA7570NC035422', 1, 7),
(215, 13, 'Terrain', 2010, 2392000, 4, 7, 8, 2, 208359, 2, 'SAJWA0ES6DPS56028', 2, 7),
(216, 13, 'Yukon', 2007, 4392000, 4, 2, 8, 2, 181633, 1, '1C4NJPBA1CD661292', 3, 7),
(217, 13, 'Yukon XL', 2008, 5000000, 3, 2, 6, 1, 177326, 1, '2HGES26772H566107', 2, 7),
(218, 14, 'Accord', 2008, 1000000, 4, 4, 6, 2, 204561, 1, 'JH4DA1741HS010452', 1, 1),
(219, 14, 'Accord', 2010, 4360000, 4, 4, 8, 1, 97804, 1, 'JH4DB1540NS801082', 1, 2),
(220, 14, 'Accord', 1997, 1380000, 5, 2, 8, 2, 172295, 1, 'KMHDU4AD4AU955646', 1, 1),
(221, 14, 'Accord', 2006, 1599600, 2, 4, 8, 1, 253076, 1, '1B3ES46C42D529439', 1, 1),
(222, 14, 'Accord', 2005, 3120000, 3, 2, 4, 1, 155000, 2, '1P3XP48K6LN273071', 1, 1),
(223, 14, 'Civic', 2003, 1580000, 3, 2, 6, 1, 236890, 1, 'JH4KA7670MC006807', 1, 1),
(224, 14, 'Civic', 2018, 7436000, 4, 1, 4, 1, 28942, 1, 'JH4CC2540NC006770', 1, 1),
(225, 14, 'Civic', 2018, 8636000, 4, 4, 8, 1, 7885, 1, '1ZVHT85H465102319', 1, 1),
(226, 14, 'Civic', 2020, 10636000, 4, 4, 4, 1, 9954, 2, '4S3BD4353T7209207', 1, 3),
(227, 14, 'Civic', 1995, 1400000, 4, 7, 4, 1, 215000, 2, '5GZCZ23D13S847842', 1, 4),
(228, 14, 'CR-V', 2011, 5180000, 3, 4, 4, 1, 87994, 1, 'YV1AH852071023377', 1, 7),
(229, 14, 'CR-V', 2011, 4796000, 3, 10, 8, 1, 109000, 1, '1C4RJFBG5DC522189', 1, 7),
(230, 14, 'CR-V', 2015, 5880000, 3, 4, 6, 1, 70672, 1, '7JR102FK7LG060315', 3, 7),
(231, 14, 'Element', 2005, 2000000, 4, 7, 4, 1, 182000, 1, '2FMDK3KC7BBA78129', 1, 7),
(232, 14, 'Odyssey', 2012, 5600000, 3, 4, 4, 2, 95000, 1, 'JH4KA3140KC015221', 1, 10),
(233, 14, 'Odyssey', 2013, 4600000, 4, 4, 6, 1, 92000, 1, '1G1YY26W285119002', 1, 10),
(234, 14, 'Pilot', 2017, 10636000, 4, 10, 6, 1, 13836, 1, '1C4GJXAG9LW193038', 1, 7),
(235, 14, 'Ridgeline', 2009, 2760000, 5, 10, 8, 1, 198000, 1, 'KM8SC73E94U774838', 3, 8),
(236, 15, 'Accent', 2010, 2200000, 4, 10, 6, 1, 114988, 1, 'JH4DB1660LS017594', 1, 5),
(237, 15, 'Accent', 2009, 1400000, 1, 1, 8, 1, 111387, 1, '1G1ZD5E09CF251160', 1, 1),
(238, 15, 'Elantra', 2016, 5023200, 3, 1, 4, 2, 76381, 1, 'YS3AL76L1R7002116', 1, 1),
(239, 15, 'Elantra', 2009, 1560000, 1, 1, 6, 1, 162005, 1, 'JH4KA4563LC001865', 2, 1),
(240, 15, 'Elantra', 2010, 1640000, 4, 4, 8, 2, 130206, 2, 'JTLKE50E581048963', 1, 2),
(241, 15, 'Sonata', 2019, 7960000, 4, 1, 4, 1, 21872, 1, 'JTKJF5C72B3011634', 1, 1),
(242, 15, 'Sonata', 2013, 3800000, 3, 7, 6, 2, 125000, 1, '3FAFP13P41R199033', 1, 1),
(243, 15, 'Sonata', 2015, 6636000, 4, 1, 4, 1, 26655, 1, 'YV1MS382262161511', 1, 1),
(244, 15, 'Sonata', 2018, 7436000, 4, 1, 8, 1, 22075, 2, 'JH4DB1650MS013392', 1, 1),
(245, 15, 'Sonata', 2017, 7996000, 4, 1, 4, 2, 29254, 2, '1GKKNXLS6LZ134810', 1, 1),
(246, 16, 'EX35', 2008, 4200000, 4, 2, 4, 2, 122904, 1, 'KM8JU3AC6DU588418', 2, 2),
(247, 16, 'FX', 2008, 3992000, 3, 1, 8, 1, 171000, 1, 'SAJWA0HEXDMS56024', 3, 2),
(248, 16, 'G35', 2003, 1599600, 5, 10, 6, 1, 233830, 1, '5N1AN0NU6BC506916', 2, 1),
(249, 16, 'G35', 2003, 1599600, 2, 1, 6, 1, 233830, 1, 'WBAAM3333XFP59732', 2, 1),
(250, 16, 'JX35', 2013, 3992000, 1, 1, 8, 2, 171226, 1, '2S3TD52V3Y6103456', 1, 7),
(251, 16, 'Q50', 2020, 12787200, 2, 1, 8, 1, 27441, 1, 'JH4DB1561NS000565', 3, 1),
(252, 16, 'Q50', 2020, 12195200, 5, 2, 4, 2, 29366, 1, '1HTMSAZR66H200901', 2, 1),
(253, 16, 'QX30', 2019, 8348000, 5, 7, 8, 2, 29938, 1, 'JM1NDAC74L0413665', 1, 2),
(254, 16, 'QX4', 2000, 980000, 4, 4, 6, 1, 246653, 1, 'WP0AA0941HN450519', 3, 7),
(255, 16, 'QX60', 2018, 11036000, 4, 10, 8, 1, 41119, 1, 'JS3TX92V364102160', 3, 7),
(256, 16, 'QX60', 2020, 15596000, 4, 2, 6, 2, 5279, 1, 'JH4DB1540LS020608', 1, 7),
(257, 16, 'QX60', 2015, 7996000, 4, 4, 6, 2, 96003, 1, '1G4GD5EDXBF330171', 3, 7),
(258, 17, 'E-Pace', 2018, 13196000, 4, 1, 4, 1, 26685, 1, 'JH4DA3350JS000592', 3, 7),
(259, 17, 'E-Pace', 2018, 14396000, 4, 2, 6, 2, 8490, 2, 'JM3ER293490222369', 3, 7),
(260, 17, 'E-Pace', 2020, 21196000, 4, 1, 8, 2, 79, 1, '1GCDC14K2LE198114', 3, 7),
(261, 17, 'XJ', 2015, 10200000, 2, 2, 6, 1, 71114, 1, 'JH4DA1840KS004941', 2, 1),
(262, 18, 'Cherokee', 1992, 1800000, 3, 10, 8, 1, 192000, 1, '3D7KU28C63G798405', 3, 7),
(263, 18, 'Cherokee', 2001, 2760000, 3, 1, 4, 1, 144445, 1, '4T1BE30K12U058669', 2, 7),
(264, 18, 'Cherokee', 1998, 1400000, 1, 1, 4, 2, 273000, 1, '1C4GJXAN4LW180633', 3, 7),
(265, 18, 'Grand Cherokee', 2006, 1600000, 4, 2, 8, 2, 281000, 1, '5N1AN0NW9BC524974', 2, 7),
(266, 18, 'Grand Cherokee', 2009, 2120000, 3, 10, 4, 1, 178000, 1, '1B3BG26P3FX513068', 3, 7),
(267, 18, 'Grand Cherokee', 1999, 1460000, 3, 10, 8, 1, 151379, 1, '1FVACWDU1BHBB3474', 2, 7),
(268, 18, 'Grand Cherokee', 2017, 10236000, 4, 4, 6, 2, 31315, 2, 'JN1DA31A52T300757', 3, 7),
(269, 18, 'Grand Cherokee', 2012, 5958800, 4, 4, 8, 1, 112510, 2, '1FAFP52UXXA197384', 2, 7),
(270, 18, 'Grand Cherokee', 2011, 3592000, 4, 4, 4, 2, 173787, 2, 'ZAMGJ45A390047326', 2, 7),
(271, 18, 'Liberty', 2006, 1710000, 3, 7, 6, 1, 174132, 1, '1G1BU51H2HX113345', 3, 7),
(272, 18, 'Renegade', 2016, 6636000, 4, 7, 4, 2, 35835, 2, '1FMZU77E62UB95003', 3, 7),
(273, 18, 'Wrangler', 2009, 7580000, 3, 2, 8, 1, 154782, 1, '4S3BJ6321N6900903', 3, 7),
(274, 18, 'Wrangler', 2016, 11960000, 2, 1, 8, 1, 131091, 1, '1FDLF47M6REA05016', 3, 7),
(275, 18, 'Wrangler', 2012, 11036000, 4, 2, 6, 1, 52172, 1, '4F4ZR17V7XTM07477', 3, 7),
(276, 18, 'Wrangler', 2017, 13196000, 4, 4, 8, 1, 30041, 2, '5B4LP57G323345457', 3, 7),
(277, 18, 'Wrangler', 2017, 12796000, 4, 1, 8, 2, 891, 2, '1FTER1EH1LLA36301', 3, 7),
(278, 18, 'Wrangler', 2017, 13436000, 4, 2, 4, 1, 37919, 1, '1FMYU24E2WUB66283', 3, 7),
(279, 18, 'Wrangler', 2017, 15596000, 4, 7, 4, 1, 20676, 1, '1N4BL4FW4LC155761', 3, 7),
(280, 18, 'Wrangler', 2018, 15836000, 4, 4, 8, 1, 21893, 1, '3VWSD29M11M069435', 3, 7),
(281, 18, 'Wrangler', 2018, 13596000, 4, 1, 6, 2, 34636, 2, 'JH4DA1844GS001970', 3, 7),
(282, 18, 'Wrangler', 2019, 13196000, 4, 7, 4, 1, 1423, 2, 'KL5JD56Z85K139936', 3, 7),
(283, 18, 'Wrangler', 2020, 13596000, 4, 1, 6, 2, 9859, 1, '1D4GP24333B230914', 3, 7),
(284, 18, 'Wrangler', 2019, 17596000, 4, 2, 8, 1, 4362, 2, '1HGEM21991L005461', 3, 7),
(285, 18, 'Wrangler', 2020, 13196000, 4, 4, 6, 1, 20581, 1, '1D4GP24R75B188657', 3, 7),
(286, 19, 'Forte', 2015, 3192000, 5, 4, 6, 2, 121000, 1, '3N1CN8FV7LL800790', 1, 3),
(287, 19, 'Forte', 2015, 3192000, 2, 2, 6, 2, 121682, 1, 'SCBLC37F85CX10207', 1, 1),
(288, 19, 'Forte', 2016, 6796000, 4, 1, 6, 1, 17631, 1, '1B4GP45R6WB718087', 1, 3),
(289, 19, 'Optima', 2015, 6760000, 4, 1, 8, 2, 82999, 1, '3D73Y3CL6BG585460', 1, 1),
(290, 19, 'Optima', 2013, 3200000, 3, 1, 4, 2, 119000, 1, 'JH4KA3161HC006800', 1, 1),
(291, 19, 'Rio', 2008, 1460000, 2, 4, 8, 2, 115124, 1, '1GBJ7D1B4BV132373', 1, 1),
(292, 19, 'Sorento', 2014, 3995200, 4, 7, 8, 1, 121259, 1, '5FNRL384X7B133819', 1, 7),
(293, 19, 'Sorento', 2017, 7590800, 4, 10, 4, 2, 70014, 1, 'JS1RF16C442100152', 1, 7),
(294, 19, 'Sorento', 2011, 2792000, 5, 10, 6, 1, 182321, 1, '3N1BC13E99L480541', 2, 7),
(295, 19, 'Soul', 2018, 4922800, 1, 7, 4, 2, 95056, 1, '1LNHM81V87Y600143', 1, 2),
(296, 19, 'Soul', 2012, 1720000, 4, 4, 6, 2, 174053, 1, 'JH4DA3450JS001899', 1, 2),
(297, 19, 'Soul', 2018, 5599600, 1, 1, 4, 2, 46848, 1, '2T1BR30E46C595221', 1, 2),
(298, 19, 'Soul', 2011, 2376000, 5, 1, 4, 1, 163385, 2, '4T1SK12E1NU028452', 2, 2),
(299, 19, 'Spectra', 2008, 1580000, 3, 2, 4, 2, 247377, 1, 'JH4DC4460SS000830', 1, 1),
(300, 19, 'Sportage', 2013, 4560000, 4, 10, 6, 2, 92986, 2, '3C8FY68B82T297664', 3, 7),
(301, 20, 'CT200H', 2013, 5180000, 4, 2, 4, 2, 77000, 1, '1GKKNULSXLZ132766', 1, 2),
(302, 20, 'GX470', 2006, 5580000, 4, 1, 8, 2, 178790, 1, 'KM8SC73E15U984562', 3, 7),
(303, 20, 'NX', 2015, 9596000, 4, 4, 4, 2, 48462, 2, '5NPEB4AC1DH576656', 3, 5),
(304, 20, 'NX', 2015, 10396000, 4, 1, 4, 2, 55783, 2, '5XYKTCA69DG347850', 3, 5),
(305, 20, 'NX 200T', 2015, 10796000, 4, 7, 8, 1, 29738, 1, '4T1BF3EK5BU638805', 1, 5),
(306, 20, 'NX 200T', 2016, 10796000, 4, 1, 8, 1, 31363, 2, '1GMDX03E8VD266902', 1, 5),
(307, 20, 'NX 300', 2020, 13996000, 4, 2, 4, 1, 1722, 1, '1G3NL12E9YC404176', 1, 7),
(308, 20, 'RX', 2011, 5190800, 4, 10, 8, 1, 140994, 1, '3A4FY48B56T247505', 3, 7),
(309, 20, 'RX350', 2007, 2920000, 4, 1, 8, 2, 181000, 1, 'JH4DA1750KS003766', 1, 7),
(310, 20, 'RX350', 2009, 4380000, 3, 1, 6, 1, 191955, 1, '1J4FF68S0XL545426', 3, 7),
(311, 20, 'RX350', 2009, 3996000, 3, 10, 6, 1, 163230, 1, 'JH4DA1841HS007159', 1, 7),
(312, 20, 'SC430', 2008, 9400000, 3, 7, 8, 2, 73500, 1, '1C4RJFAG8DC537142', 2, 4),
(313, 21, 'Continental', 2017, 11196000, 4, 10, 4, 2, 19492, 1, 'JH4KA7670NC002886', 1, 1),
(314, 21, 'Continental', 2018, 11836000, 4, 1, 4, 2, 33047, 1, '1G1JC124627237595', 1, 1),
(315, 21, 'Continental', 2017, 11836000, 4, 2, 8, 1, 35320, 2, 'JHMWD5523DS022721', 1, 1),
(316, 21, 'MKZ', 2018, 9836000, 4, 1, 8, 2, 16081, 1, '2G1WL52M2T1187676', 1, 1),
(317, 21, 'MKZ', 2013, 6636000, 4, 7, 8, 1, 61087, 2, 'JH4DC4433RS801008', 1, 1),
(318, 21, 'MKZ', 2017, 8236000, 4, 4, 4, 1, 36436, 2, '5XYKT3A17BG157871', 1, 1),
(319, 21, 'MKZ', 2015, 7158800, 2, 1, 6, 1, 91067, 2, '2C3HD46R4WH170262', 1, 1),
(320, 22, 'CX-5', 2016, 7200000, 3, 1, 6, 2, 33000, 1, 'KM8JT3AC2DU583865', 3, 1),
(321, 22, 'CX-5', 2016, 6349600, 3, 4, 8, 2, 150694, 1, '1FTJW36F2TEA03179', 1, 5),
(322, 22, 'Miata', 2007, 5180000, 3, 2, 8, 2, 90610, 1, 'SADFL2GX2L1Z91107', 2, 4),
(323, 22, 'Miata', 2008, 3600000, 3, 1, 8, 1, 56700, 1, 'WBAWC73578E067076', 2, 4),
(324, 22, 'Miata', 2011, 5580000, 3, 7, 4, 2, 138235, 1, 'KMHDU4ADXAU832403', 2, 4),
(325, 22, 'Miata', 2019, 11996000, 4, 2, 8, 2, 5247, 1, 'JH4CC2660PC002236', 2, 4),
(326, 22, 'Miata', 2020, 12636000, 4, 10, 8, 2, 2195, 1, 'ZAMCE39A060023181', 2, 3),
(327, 22, 'Miata', 2008, 5580000, 3, 4, 8, 2, 86650, 2, 'TRUWT28N651011265', 2, 4),
(328, 23, '1929 SSK', 1929, 2200000, 4, 7, 6, 2, 9999, 1, 'JH4DB1570LS800098', 2, 4),
(329, 23, 'C350', 2008, 3760000, 4, 4, 8, 2, 129473, 1, '1B7EZ64B7CD289921', 2, 1),
(330, 23, 'CLK320', 2004, 2720000, 4, 4, 4, 2, 116700, 1, 'KL4MMDSL8LB104338', 2, 4),
(331, 23, 'CLS', 2014, 11999200, 2, 4, 4, 1, 57406, 1, 'JH4DC4360SS001610', 2, 1),
(332, 23, 'E320', 2007, 2400000, 4, 10, 6, 2, 124000, 1, '1C4BJWKGXDL508578', 2, 1),
(333, 23, 'GLK', 2015, 8796000, 1, 1, 4, 1, 90508, 1, '1GCJK33104F173427', 3, 7),
(334, 23, 'ML 450', 2015, 7955200, 3, 4, 4, 1, 111261, 1, '1JCCM85E5BT001312', 3, 7),
(335, 23, 'ML350', 2011, 4396000, 3, 2, 8, 1, 119172, 1, 'SCFAC23302B500083', 3, 7),
(336, 24, 'Cooper', 2017, 6110800, 2, 4, 4, 1, 94893, 2, '4S4BRDSC2D2221585', 1, 4),
(337, 25, 'Eclipse', 2007, 2380000, 4, 2, 6, 2, 72000, 2, 'JHMSZ542XDC028494', 1, 3),
(338, 25, 'Outlander', 2020, 7996000, 4, 10, 4, 1, 11103, 2, 'JH4DC2380RS000036', 3, 7),
(339, 26, '370Z', 2019, 15996000, 4, 1, 4, 1, 8373, 1, 'JH4DA9340LS003571', 2, 3),
(340, 26, 'Altima', 2019, 7560000, 4, 4, 6, 2, 47421, 1, 'JH4KA7660PC001313', 1, 1),
(341, 26, 'Altima', 2005, 3555200, 3, 2, 8, 2, 53320, 1, '1FMEU7DE5AUA72472', 1, 1),
(342, 26, 'Altima', 2005, 3598000, 3, 1, 4, 2, 53320, 1, 'JH4DA9440PS002537', 1, 1),
(343, 26, 'Altima', 2008, 2200000, 2, 1, 4, 2, 150000, 1, '5N1DR2DN2LC622798', 1, 1),
(344, 26, 'Altima', 2011, 1520000, 2, 10, 4, 2, 155000, 1, '4JGBF71E18A429191', 1, 1),
(345, 26, 'Altima', 2018, 6795200, 2, 4, 6, 2, 57517, 1, '1C4BJWDG8DL559834', 1, 1),
(346, 26, 'Altima', 2020, 11195200, 1, 10, 6, 2, 15139, 1, '2G4WB54T1N1466114', 1, 1),
(347, 26, 'Frontier', 2018, 10796000, 1, 2, 6, 2, 31814, 1, 'JH4DA1740JS012019', 2, 8),
(348, 26, 'Frontier', 2020, 10796000, 2, 7, 6, 1, 323, 1, '2GCEK13Z361252872', 2, 8),
(349, 26, 'Frontier', 2017, 12396000, 4, 1, 4, 1, 31095, 2, 'JTJHA31U940036422', 3, 8),
(350, 26, 'Frontier', 2018, 11196000, 4, 4, 6, 1, 37332, 2, 'JT3HJ85J6T0133046', 3, 8),
(351, 26, 'Frontier', 2017, 9436000, 4, 7, 8, 2, 37091, 1, 'JH4KA8260MC000458', 1, 8),
(352, 26, 'Kicks', 2020, 8675200, 4, 1, 4, 1, 7575, 1, '5N1AA08A64N729252', 1, 7),
(353, 26, 'Murano', 2011, 2680000, 3, 4, 8, 1, 184000, 1, 'WA1BNAFYXL2013483', 1, 7),
(354, 26, 'Murano', 2019, 12795200, 5, 10, 4, 1, 15566, 1, '1GCCS1956Y8235348', 1, 7),
(355, 26, 'Murano', 2020, 11396000, 2, 10, 6, 1, 6154, 1, 'JH4DA9470NS002903', 1, 7),
(356, 26, 'Murano', 2006, 2392000, 5, 1, 8, 2, 178388, 1, 'JH4KA8162MC010197', 1, 7),
(357, 26, 'NV200', 2015, 5598000, 4, 1, 6, 1, 86580, 1, '1B3ES66S63D169269', 1, 10),
(358, 26, 'Pathfinder', 2013, 3160000, 4, 1, 4, 1, 152400, 1, 'JHMCG56492C003897', 1, 7),
(359, 26, 'Pathfinder', 2020, 13960000, 3, 1, 4, 1, 15400, 1, 'JH4DB1540PS000784', 2, 7),
(360, 26, 'Pathfinder', 2007, 2750800, 2, 10, 6, 1, 155471, 1, '1FTRW08L13KB17454', 2, 7),
(361, 26, 'Pathfinder', 2018, 10795200, 2, 1, 4, 1, 24274, 1, '5NPEC4AC5BH041176', 3, 7),
(362, 26, 'Pathfinder', 2006, 2792000, 3, 4, 4, 2, 146779, 1, 'JH4KA4550JC048596', 2, 7),
(363, 26, 'Pathfinder', 2017, 7996000, 5, 1, 8, 2, 53950, 1, 'JH4KA4571LC033593', 3, 7),
(364, 26, 'Rogue', 2014, 5160000, 4, 7, 6, 1, 120211, 1, 'LM4AC113061105688', 1, 7),
(365, 26, 'Rogue', 2019, 10600000, 2, 7, 8, 1, 9975, 1, 'SCA664S5XAUX48670', 1, 7),
(366, 26, 'Sentra', 2007, 1719600, 4, 4, 4, 1, 189321, 1, '5TFAX5GN0MX194170', 1, 1),
(367, 26, 'Sentra', 2013, 4396000, 4, 7, 6, 1, 81557, 2, '5YFS4MCE4MP059799', 1, 1),
(368, 26, 'Titan', 2016, 13980000, 2, 1, 4, 2, 158159, 1, '2FMDK4KC4CBA27842', 3, 8),
(369, 26, 'Titan', 2017, 10796000, 4, 7, 4, 1, 41335, 1, 'WD2YD241825356884', 3, 8),
(370, 26, 'Versa', 2009, 1120000, 4, 10, 8, 2, 109000, 1, '1FVXA7AS24LM58815', 1, 1),
(371, 26, 'Versa', 2020, 7996000, 5, 2, 8, 1, 6591, 1, '5J8YD4H39LL041518', 1, 1),
(372, 27, 'Firebird', 1968, 3800000, 3, 7, 8, 1, 175000, 1, '2T1KR32EX4C175599', 2, 4),
(373, 27, 'Firebird', 1998, 11980000, 4, 2, 8, 1, 16429, 1, 'ZCFJS7458M1953433', 2, 5),
(374, 27, 'Grand', 2006, 1599600, 4, 1, 6, 2, 207238, 1, '1B7GG2AN9YS629756', 1, 1),
(375, 27, 'Grand', 2002, 1120000, 4, 7, 6, 2, 128783, 2, 'JN8AS1MU0CM120061', 1, 1),
(376, 28, 'Boxster', 2009, 7980000, 3, 7, 4, 2, 80190, 1, 'JH4KA2630HC019837', 2, 4),
(377, 28, 'Cayman', 2008, 11199200, 2, 2, 6, 2, 69505, 1, '2FMZA51665BA05533', 2, 3),
(378, 29, '1500', 2014, 9555200, 2, 4, 6, 2, 110789, 1, 'KL4MMDSL157TY4869', 2, 8),
(379, 29, '1500', 2018, 13998000, 2, 2, 4, 2, 104000, 1, 'WP0CD2A91BS773285', 2, 8),
(380, 29, '1500', 2017, 9036000, 4, 1, 8, 1, 39508, 1, 'JH4KA4660LC006262', 2, 8),
(381, 29, '1500', 2017, 13596000, 4, 10, 6, 2, 17033, 2, '1D7HA16D94J171206', 3, 8),
(382, 29, '1500', 2018, 11436000, 4, 1, 6, 2, 30047, 1, '4JGBB8GB4BA662410', 3, 8),
(383, 29, '1500', 2018, 13996000, 4, 4, 4, 2, 22064, 2, 'KNJLT06H2T6196801', 3, 8),
(384, 29, '1500', 2019, 10396000, 4, 1, 6, 2, 12302, 2, 'JH4KA3150HC004866', 3, 8),
(385, 29, '1500', 2017, 13436000, 4, 7, 6, 1, 45464, 1, '2HGFC3A51LH751302', 3, 8),
(386, 29, '2500', 2008, 10796000, 2, 7, 8, 1, 172000, 1, '2FAFP73W1WX172908', 3, 8),
(387, 29, '2500', 2014, 11196000, 2, 1, 8, 1, 2222222, 1, 'WBADE6322VBW51982', 3, 8),
(388, 29, '2500', 2011, 7950800, 2, 1, 8, 2, 183284, 1, 'JN8AZ1MU4CW113789', 3, 8),
(389, 29, '2500', 2018, 13998000, 5, 1, 8, 1, 211000, 1, 'JH4DC4450SS003654', 3, 8),
(390, 29, '3500', 2018, 18120000, 3, 2, 6, 2, 34125, 1, '7JRA22TL7LG037835', 3, 8),
(391, 29, '3500', 2001, 7000000, 4, 1, 4, 2, 178000, 2, '4S3BK4252X7305536', 3, 8),
(392, 29, '3500', 2008, 7800000, 4, 4, 8, 2, 161000, 2, '1C3BF66P0GX570598', 3, 8),
(393, 29, 'Promaster 1500', 2017, 7198000, 5, 1, 6, 1, 147064, 1, '1FMCU24X4NUD21099', 2, 10),
(394, 30, 'LR4 HSE', 2013, 8800000, 4, 1, 4, 2, 119550, 1, '1GTDK14K4JZ512094', 3, 7),
(395, 31, 'Baja', 2004, 2400000, 3, 4, 4, 2, 64000, 1, '5N1DL0MN9LC508268', 3, 8),
(396, 31, 'Forester', 2017, 7600000, 2, 7, 4, 2, 22700, 1, '1FTSW21P75EA53447', 3, 7),
(397, 31, 'Impreza', 2006, 840000, 5, 1, 4, 1, 97000, 1, 'JH4KA7580RC013810', 3, 5),
(398, 31, 'Legacy', 2017, 7996000, 4, 1, 8, 2, 10309, 1, '1HGCG5659WA086602', 2, 1),
(399, 31, 'XV', 2013, 7196000, 4, 10, 4, 2, 57371, 2, '1GCCW80H7CR161820', 3, 5),
(400, 32, '4runner', 2007, 4900000, 1, 2, 8, 1, 189000, 1, 'JH4DC4340SS001220', 1, 7),
(401, 32, '4runner', 2012, 7190800, 1, 2, 8, 1, 182263, 1, 'JH4KA7670PC005516', 3, 7),
(402, 32, '4runner', 2001, 1980000, 2, 1, 6, 2, 266000, 1, '1D7HA18D44J218509', 2, 7),
(403, 32, '4runner', 2018, 14796000, 4, 4, 6, 2, 21415, 2, 'WP1AC29P65LA91996', 3, 7),
(404, 32, 'Avalon', 2008, 2792000, 4, 4, 6, 2, 158888, 1, 'KM8JN72DX7U587496', 1, 1),
(405, 32, 'Camry', 2003, 1400000, 4, 1, 8, 1, 237000, 1, '1GKDT13S852309288', 1, 1),
(406, 32, 'Camry', 2013, 4320000, 3, 4, 8, 2, 147000, 1, 'WP0889D91BS773285', 1, 1),
(407, 32, 'Camry', 2002, 1600000, 2, 1, 8, 1, 160000, 1, 'JH4DB7560SS004122', 1, 1),
(408, 32, 'Camry', 2018, 7195600, 1, 4, 6, 1, 120943, 1, 'JH4KA7680RC011845', 1, 1),
(409, 32, 'Camry', 1996, 1070000, 3, 5, 8, 1, 164719, 1, '3B3ES47C6WT211725', 1, 1),
(410, 32, 'Camry', 2005, 1799600, 3, 10, 4, 2, 170687, 1, 'SCBCR63W55C024793', 1, 1),
(411, 32, 'Camry', 2007, 3199600, 1, 10, 8, 1, 67650, 1, '2G1WF55EXY9103575', 1, 1),
(412, 32, 'Camry', 2012, 4999600, 1, 7, 4, 1, 64950, 1, 'JH4DA9460PS008002', 1, 1),
(413, 32, 'Camry', 2017, 7436000, 4, 4, 4, 2, 30223, 2, 'JH4KA96633C000632', 1, 1),
(414, 32, 'Camry', 2019, 8796000, 4, 7, 4, 1, 5607, 1, 'WV2YB0253GG020574', 1, 1),
(415, 32, 'Corolla', 2015, 3996000, 3, 10, 8, 1, 125224, 1, 'WAUKEAFM8DA033285', 1, 1),
(416, 32, 'Corolla', 2020, 6760800, 1, 2, 6, 1, 11692, 1, 'JH4DB1660PS005158', 1, 1),
(417, 32, 'Corolla', 2021, 8533600, 3, 1, 8, 1, 7277, 1, 'JH4DB7540SS801338', 1, 1),
(418, 32, 'Corolla', 2021, 9040800, 5, 7, 6, 1, 10883, 1, 'JH4DB1670LS801802', 1, 1),
(419, 32, 'Corolla', 2019, 6796000, 4, 2, 8, 1, 44752, 1, '1FTPW145X4KA09727', 1, 1),
(420, 32, 'Echo', 2002, 1600000, 3, 10, 6, 1, 155000, 1, '5N3ZA0NE6AN906847', 1, 1),
(421, 32, 'Fj cruiser', 2008, 6755200, 4, 2, 6, 2, 188096, 1, '1GCHK29U31E237682', 3, 7),
(422, 32, 'Fj cruiser', 2008, 6795200, 2, 7, 8, 2, 188099, 1, 'JNKCV51E03M018631', 3, 7),
(423, 32, 'Fj cruiser', 2008, 7000000, 4, 10, 4, 2, 201300, 2, 'JN8AZ2NC5B9300256', 3, 7),
(424, 32, 'Highlander', 2007, 2880000, 3, 4, 6, 1, 155490, 1, 'JH4DA9350NS005381', 1, 7),
(425, 32, 'Prius', 2014, 3800000, 4, 1, 6, 1, 136128, 1, 'JH4DA9460MS032070', 1, 5),
(426, 32, 'Prius', 2013, 3560000, 3, 10, 4, 1, 142900, 1, '1HGCP263X8A035447', 1, 2),
(427, 32, 'RAV4', 1998, 720000, 4, 5, 6, 1, 240537, 2, '1NXBR12E31Z463785', 3, 7),
(428, 32, 'Solara', 2005, 600000, 4, 4, 4, 2, 222100, 1, '3VWPG71K97M122542', 1, 1),
(429, 32, 'Tacoma', 2007, 6780000, 4, 1, 4, 1, 156792, 1, '1N6ED0CE8LN726078', 2, 8),
(430, 32, 'Tacoma', 2009, 6000000, 4, 4, 6, 2, 213800, 1, 'JH4KA4640LC001187', 3, 8),
(431, 32, 'Tacoma', 2011, 5580000, 4, 4, 6, 1, 151060, 1, 'JH4CC2660RC002031', 2, 8),
(432, 32, 'Tacoma', 2019, 14000000, 3, 4, 6, 2, 43000, 1, 'JH4DB1570PS000858', 3, 8),
(433, 32, 'Tacoma', 2020, 16199600, 5, 1, 8, 1, 9674, 1, '5N1AL0MM4DC301508', 3, 8),
(434, 32, 'Tacoma', 2021, 12874400, 5, 4, 4, 2, 1443, 1, 'JH4DB1642PS001515', 2, 8),
(435, 32, 'Tacoma', 2016, 10796000, 3, 4, 4, 2, 102089, 1, 'JH4KA7561PC008269', 2, 8),
(436, 32, 'Tacoma', 2012, 11996000, 4, 1, 6, 1, 43182, 1, '1HGCG2254WA015540', 3, 8),
(437, 32, 'Tacoma', 2014, 11196000, 4, 7, 4, 1, 17805, 1, '1GTGK29U5XE550656', 3, 8),
(438, 32, 'Tacoma', 2016, 12236000, 4, 7, 8, 2, 30176, 1, 'JH4KA4576KC031014', 2, 8),
(439, 32, 'Tacoma', 2012, 8780000, 3, 4, 4, 2, 143060, 2, '3WKDD40X0CF701574', 3, 8),
(440, 32, 'Tundra', 2019, 20000000, 2, 1, 4, 2, 20010, 1, '4T3ZK3BB7BU042861', 3, 8),
(441, 32, 'Tundra', 2010, 4000000, 3, 1, 8, 1, 180000, 1, 'JH4KA4640JC021212', 2, 8),
(442, 32, 'Tundra', 2016, 11299600, 4, 10, 4, 2, 78000, 1, 'JN8AZ2NE5C9016953', 3, 8),
(443, 32, 'Tundra', 2013, 12796000, 4, 1, 6, 2, 55068, 2, '5N1AZ2AJ2LN101363', 3, 8),
(444, 32, 'Tundra', 2017, 12396000, 4, 7, 8, 1, 41124, 1, '1HD1FAL11NY500561', 3, 8),
(445, 32, 'Tundra', 2014, 13436000, 4, 7, 6, 1, 55251, 2, 'JH4DA1850JS005062', 3, 8),
(446, 32, 'Venza', 2009, 4790800, 1, 7, 8, 1, 76662, 1, '1HD1FCW116Y619817', 3, 7),
(447, 33, 'Jetta', 2011, 2780000, 3, 4, 6, 1, 116000, 1, '1FTEF14N5KNB30636', 1, 1),
(448, 33, 'Jetta', 2011, 2798000, 3, 2, 6, 1, 172752, 1, '1B3HB48B67D562726', 1, 1),
(449, 33, 'Jetta', 2014, 4200000, 3, 4, 4, 1, 52000, 1, 'WDBJF65J1YB039105', 1, 1),
(450, 33, 'Jetta', 2010, 1540000, 5, 10, 4, 2, 178000, 1, '1B7FL16G8KS036456', 1, 1),
(451, 33, 'Passat', 2013, 4200000, 3, 2, 6, 1, 91000, 1, '1GCHK29U87E198693', 1, 1),
(452, 33, 'Passat', 2015, 5000000, 3, 1, 6, 2, 101000, 1, 'JH4DC4330RS802540', 1, 1),
(453, 34, 'S60', 2015, 7036000, 4, 10, 6, 1, 63512, 1, '1FVACWDCX6HW63819', 3, 1),
(454, 34, 'S60', 2019, 15436000, 4, 2, 6, 1, 14054, 1, 'JH4DB7660SS001798', 1, 1),
(455, 34, 'S60', 2009, 1599600, 2, 4, 6, 2, 182005, 1, 'JHMSZ742XDC128218', 1, 1),
(456, 34, 'S60', 2012, 3192000, 4, 10, 8, 1, 110000, 1, '3B7HC13Z7TG112627', 1, 1),
(457, 34, 'S60', 2016, 9036000, 4, 4, 8, 1, 42755, 1, 'JH4KA7650MC002609', 1, 1),
(458, 34, 'S60', 2018, 10396000, 4, 10, 4, 1, 22834, 1, 'WBAFR9C59BC270614', 3, 1),
(459, 34, 'S60', 2019, 13436000, 4, 4, 4, 1, 10742, 2, 'JNKCV61E09M303716', 1, 1),
(460, 34, 'S60', 2019, 14636000, 4, 1, 8, 1, 7618, 1, '1GCHK23D07F136336', 1, 1),
(461, 34, 'S60', 2019, 14396000, 4, 7, 4, 2, 15567, 2, 'JH4KA7532NC036794', 1, 1),
(462, 34, 'S60', 2020, 14396000, 4, 10, 4, 1, 11878, 1, 'JH4DB7640SS009074', 3, 1);

-- 
-- Restore previous SQL mode
-- 
/*!40101 SET SQL_MODE=@OLD_SQL_MODE */;

-- 
-- Enable foreign keys
-- 
/*!40014 SET FOREIGN_KEY_CHECKS = @OLD_FOREIGN_KEY_CHECKS */;